brand,description,price
LG, 22.5 Cu. Ft. 4-Door French Door Counter-Depth Refrigerator with Door-in-Door and Craft Ice,"$3,399.99"
LG, 29.7 Cu. Ft. French Door-in-Door Refrigerator with Craft Ice,"$3,099.99"
LG, 23.5 Cu. Ft. French InstaView Door-in-Door Counter-Depth Refrigerator with Craft Ice,"$3,399.99"
LG, 22.1 Cu. Ft. French Door Counter-Depth Refrigerator,"$2,299.99"
Whirlpool, 25.2 Cu. Ft. French Door Refrigerator with Internal Water Dispenser,"$1,799.99"
GE, 24.8 Cu. Ft. French Door Refrigerator,"$1,709.99"
LG, 26.2 Cu. Ft. French Door Smart Wi-Fi Enabled Refrigerator with Dual Ice Maker,"$2,199.99"
LG, 27 Cu. Ft. InstaView French Door-in-Door Refrigerator with Ice Maker,"$2,199.99"
LG, 26.9 Cu. Ft. 4-Door French Door Refrigerator with Internal Water Dispenser and Icemaker,"$1,999.99"
GE, 25.6 Cu. Ft. Fingerprint Resistant French Door Refrigerator,"$2,249.99"
Whirlpool, 19.7 Cu. Ft. French Door Refrigerator,"$1,999.99"
Samsung, 28 cu. ft. Large Capacity 3-Door French Door Refrigerator,"$1,709.99"
LG, 23.5 Cu. Ft. French Door Counter-Depth Refrigerator with Craft Ice,"$2,899.99"
Samsung, 28 cu. ft. Large Capacity 3-Door French Door Refrigerator with Internal Water Dispenser,"$1,699.99"
Café, 22.2 Cu. Ft. French Door Counter-Depth Refrigerator with Hot Water Dispenser,"$3,086.00"
GE, 20.8 Cu. Ft. French Door Refrigerator,"$1,529.99"
Samsung, 28 cu. ft. Large Capacity 3-Door French Door Refrigerator with Internal Water Dispenser,"$1,709.99"
LG, 27.9 French Door Smart Wi-Fi Enabled Refrigerator,"$2,399.99"
Samsung, 21.8 Cu. Ft. French-Door Refrigerator,"$1,499.99"
Samsung, 22.6 cu. ft. 4-Door French Door Counter Depth Refrigerator with FlexZone™ Drawer,"$2,879.99"
KitchenAid, 27 Cu. Ft. French Door Refrigerator,"$3,049.99"
Whirlpool, 24.5 Cu. Ft. 4-Door French Door Refrigerator,"$2,499.99"
LG, 22.5 Cu. Ft. 4-Door French Door Counter-Depth Refrigerator with Door-in-Door and Craft Ice,"$3,399.99"
Café, ENERGY STAR® 27.4 Cu. Ft. Smart Quad-Door Refrigerator,"$3,959.99"
Samsung, 28 cu. ft. 3-Door French Door Refrigerator with Family Hub™,"$2,519.99"
KitchenAid, 20 Cu. Ft. French Door Counter-Depth Refrigerator,"$2,399.99"
LG, 26.2 Cu. Ft. French Door Smart Wi-Fi Enabled Refrigerator with Dual Ice Maker,"$2,299.99"
LG," 29 cu. Ft. 3 Door French Door with Ice Maker, and External Water Dispenser","$1,888.99"
Samsung, 25 cu. ft. Large Capacity 4-Door French Door Refrigerator with External Water & Ice Dispenser,"$2,699.99"
Samsung, 17.5 cu. ft. 3-Door French Door Counter Depth Refrigerator with WiFi and Twin Cooling Plus®,"$1,259.99"
KitchenAid, 25.8 Cu. Ft. 5-Door French Door Refrigerator,"$4,099.99"
LG, 22.7 Cu. Ft. 4-Door French Door Counter-Depth Refrigerator with Double Freezer and Internal Water Dispenser,"$2,099.99"
Samsung, 27 cu. ft. Large Capacity 3-Door French Door Refrigerator with External Water & Ice Dispenser,"$1,998.99"
LG, 22.8 Cu. Ft. French Door Counter-Depth Refrigerator,"$1,699.99"
Samsung," 30"" Wide, 22 cu. ft. French Door Fingerprint Resistant Refrigerator","$1,599.99"
GE, Profile Series 27.9 Cu. Ft. Smart Fingerprint Resistant 4-Door French-Door Refrigerator with Door In Door,"$3,419.99"
LG, 23.5 Cu. Ft. French Door Counter-Depth Refrigerator with Craft Ice,"$2,899.99"
Samsung, 28 cu. ft. Large Capacity 3-Door French Door Refrigerator with AutoFill Water Pitcher,"$1,889.99"
LG, 29.5 Cu. Ft. 4-Door French Door Refrigerator with Door-in-Door and Craft Ice,"$3,399.99"
LG, 29.7 Cu. Ft. French InstaView Door-in-Door Refrigerator with Craft Ice,"$3,399.99"
Samsung, Family Hub 27.7 Cu. Ft. 4-Door French Door Fingerprint Resistant Refrigerator,"$3,419.99"
Samsung, 17.5 cu. ft. 3-Door French Door Counter Depth Refrigerator with WiFi and Twin Cooling Plus®,"$1,349.99"
Samsung, 26.5 cu. ft. Large Capacity 3-Door French Door Refrigerator with Family Hub™ and External Water & Ice Dispenser,"$2,879.99"
Whirlpool, 26.8 Cu. Ft. French Door Refrigerator,"$2,474.99"
Samsung," 29 cu. ft. 4-Door Flex™ French Door Refrigerator with WiFi, AutoFill Water Pitcher & Dual Ice Maker","$2,969.99"
LG, InstaView Door-in-Door 27.8 Cu. Ft. 4-Door French Door Refrigerator,"$3,299.99"
Samsung, 28 cu. ft. 3-Door French Door Refrigerator with Family Hub™,"$2,429.99"
Samsung, 28 cu. ft. Large Capacity 3-Door French Door Refrigerator,"$1,799.99"
