brand,description,price
Samsung, 28 cu. ft. Large Capacity 3-Door French Door Refrigerator with Internal Water Dispenser - Black stainless steel,"$1,699.99 "
Samsung, 27.8 cu. ft. 4-Door French Door Refrigerator with Food Showcase Fingerprint Resistant - Black stainless steel,"$3,149.99 "
Whirlpool, 24.7 Cu. Ft. French Door Refrigerator - Fingerprint Resistant Black Stainless,"$2,299.99 "
LG, 22.7 Cu. Ft. 4-Door French Door Counter-Depth Refrigerator with Double Freezer and Internal Water Dispenser - PrintProof Stainless Steel,"$2,099.99 "
Samsung, 27 cu. ft. Large Capacity 3-Door French Door Refrigerator with External Water & Ice Dispenser - White,"$1,979.99 "
GE, 23.1 Cu. Ft. French Door Counter-Depth Refrigerator - Stainless steel,"$2,454.99 "
Samsung, 21.8 Cu. Ft. French-Door Refrigerator - Stainless steel,"$1,499.99 "
Whirlpool, 25.2 Cu. Ft. French Door Refrigerator with Internal Water Dispenser - Fingerprint Resistant Black Stainless,"$1,999.99 "
Whirlpool, 24.5 Cu. Ft. 4-Door French Door Refrigerator - Stainless steel,"$2,249.99 "
LG, 29.7 Cu. Ft. French Door-in-Door Refrigerator with Craft Ice - PrintProof Stainless Steel,"$3,099.99 "
Samsung, 28 cu. ft. Large Capacity 3-Door French Door Refrigerator with AutoFill Water Pitcher - Fingerprint Resistant Stainless Steel,"$1,889.99 "
Whirlpool, 24.7 Cu. Ft. French Door Refrigerator - Fingerprint Resistant Stainless Steel,"$1,979.99 "
GE, ENERGY STAR® 22.1 Cu. Ft. Counter-Depth Fingerprint Resistant French-Door Refrigerator - Stainless steel,"$2,814.99 "
LG, 23.5 Cu. Ft. French InstaView Door-in-Door Counter-Depth Refrigerator with Craft Ice - PrintProof Stainless Steel,"$3,399.99 "
Samsung, 27 cu. ft. Large Capacity 3-Door French Door Refrigerator with External Water & Ice Dispenser - Fingerprint Resistant Stainless Steel,"$1,998.99 "
LG, 27 Cu. Ft. InstaView French Door-in-Door Refrigerator with Ice Maker - PrintProof Stainless Steel,"$2,199.99 "
LG, 23.5 Cu. Ft. French Door Counter-Depth Refrigerator with Craft Ice - PrintProof Stainless Steel,"$2,899.99 "
GE, 25.6 Cu. Ft. French Door Refrigerator - High-Gloss Black,"$2,069.99 "
Insignia™, 26.6 Cu. Ft. French Door Refrigerator - Stainless steel,"$1,499.99 "
GE, ENERGY STAR® 27.7 Cu. Ft. Fingerprint Resistant French-Door Refrigerator - Stainless steel,"$2,724.99 "
GE, 25.6 Cu. Ft. Fingerprint Resistant French Door Refrigerator - Stainless steel,"$2,249.99 "
LG, 26 Cu. Ft. French InstaView Door-in-Door Refrigerator with Wifi and Dual Ice Maker - PrintProof Black Stainless Steel,"$2,899.99 "
Samsung, 27 cu. ft. Large Capacity 3-Door French Door Refrigerator with External Water & Ice Dispenser - Fingerprint Resistant Black Stainless Steel,"$2,159.99 "
LG, 22.1 Cu. Ft. French Door Counter-Depth Refrigerator - Stainless steel,"$2,299.99 "
LG, 26.2 Cu. Ft. French Door Smart Wi-Fi Enabled Refrigerator with Dual Ice Maker - PrintProof Stainless Steel,"$2,199.99 "
Samsung, 25 cu. ft. Large Capacity 4-Door French Door Refrigerator with External Water & Ice Dispenser - Fingerprint Resistant Black Stainless Steel,"$2,789.99 "
LG, 21.9 Cu. Ft. French InstaView Door-in-Door Counter-Depth Refrigerator - Stainless steel,"$2,899.99 "
Whirlpool, 19.4 Cu. Ft. 4-Door French Door Counter-Depth Refrigerator with Flexible Organization Spaces - Fingerprint Resistant Stainless Steel,"$1,979.99 "
Samsung, 17.5 cu. ft. 3-Door French Door Counter Depth Refrigerator with WiFi and Twin Cooling Plus® - Fingerprint Resistant Stainless Steel,"$1,259.99 "
Samsung, 25 cu. ft. Large Capacity 4-Door French Door Refrigerator with External Water & Ice Dispenser - Fingerprint Resistant Stainless Steel,"$2,699.99 "
LG, 26.2 Cu. Ft. French Door Smart Wi-Fi Enabled Refrigerator with Dual Ice Maker - PrintProof Black Stainless Steel,"$2,299.99 "
LG, 21.8 Cu. Ft. French Door Refrigerator - Stainless steel,"$1,799.99 "
Whirlpool, 25.2 Cu. Ft. French Door Refrigerator with Internal Water Dispenser - Fingerprint Resistant Stainless Steel,"$1,899.99 "
Samsung, Family Hub 27.7 Cu. Ft. 4-Door French Door Fingerprint Resistant Refrigerator - Stainless steel,"$3,419.99 "
GE, 25.6 Cu. Ft. French Door Refrigerator - Black Slate,"$2,339.99 "
GE, Profile Series 27.9 Cu. Ft. Smart Fingerprint Resistant 4-Door French-Door Refrigerator with Door In Door - Stainless steel,"$3,419.99 "
Samsung, 26.5 cu. ft. Large Capacity 3-Door French Door Refrigerator with Family Hub™ and External Water & Ice Dispenser - Stainless steel,"$2,879.99 "
LG, 22.8 Cu. Ft. French Door Counter-Depth Refrigerator - Stainless steel,"$1,699.99 "
LG, 27.9 French Door Smart Wi-Fi Enabled Refrigerator - Stainless steel,"$2,399.99 "
Samsung, 28 cu. ft. Large Capacity 3-Door French Door Refrigerator - Fingerprint Resistant Stainless Steel,"$1,709.99 "
LG, 29.5 Cu. Ft. 4-Door French Door Refrigerator with InstaView Door-in-Door and Craft Ice - PrintProof Black Stainless Steel,"$3,599.99 "
Samsung, 17.5 cu. ft. Counter Depth 3-Door French Door Refrigerator with WiFi and Twin Cooling Plus® - Fingerprint Resistant Black Stainless Steel,"$1,349.99 "
Samsung, 27.8 cu. ft. 4-Door French Door Refrigerator with Food Showcase - Fingerprint Resistant Stainless Steel,"$3,059.99 "
Samsung, 22.6 cu. ft. 4-Door French Door Counter Depth Refrigerator with FlexZone™ Drawer - Fingerprint Resistant Stainless Steel,"$2,789.99 "
KitchenAid, 25.8 Cu. Ft. 5-Door French Door Refrigerator - Stainless steel,"$4,099.99 "
GE, Profile Series ENERGY STAR® 22.1 Cu. Ft. Fingerprint Resistant French-Door Refrigerator with Hands-Free AutoFill - Stainless steel,"$2,879.99 "
Samsung," 23 cu. ft. 4-Door Flex™ French Door Counter Depth Refrigerator with WiFi, Beverage Center and Dual Ice Maker - Fingerprint Resistant Stainless Steel","$3,239.99 "
Samsung, 28 cu. ft. 4-Door French Door Refrigerator with FlexZone™ Drawer - Fingerprint Resistant Black Stainless Steel,"$2,789.99 "
Samsung, 22.6 Cu. Ft. French Door Counter-Depth Fingerprint Resistant Refrigerator with CoolSelect Pantry™ - Stainless steel,"$2,519.99 "
LG, 29.7 Cu. Ft. French InstaView Door-in-Door Refrigerator with Craft Ice - Stainless steel,"$3,399.99 "
Haier, 15 Cu. Ft. 4-Door French Door Refrigerator - Stainless steel,"$1,259.99 "
LG," 29 cu. Ft. 3 Door French Door with Ice Maker, and External Water Dispenser - PrintProof Stainless Steel","$1,888.99 "
Samsung," 29 cu. ft. 4-Door Flex™ French Door Refrigerator with WiFi, Beverage Center and Dual Ice Maker - Fingerprint Resistant Stainless Steel","$3,149.99 "
LG, InstaView Door-in-Door 27.8 Cu. Ft. 4-Door French Door Refrigerator - Stainless steel,"$3,199.99 "
Samsung," 29 cu. ft. 4-Door Flex™ French Door Refrigerator with WiFi, AutoFill Water Pitcher & Dual Ice Maker - Fingerprint Resistant Stainless Steel","$2,879.99 "
Samsung, Family Hub 27.7 Cu. Ft. 4-Door French Door Fingerprint Resistant Refrigerator - Black stainless steel,"$3,509.99 "
Samsung, 22.6 Cu. Ft. 4-Door Flex French Door Counter-Depth Fingerprint Resistant Refrigerator - Black stainless steel,"$2,999.99 "
Samsung, Family Hub 22.2 Cu. Ft. Counter Depth 4-Door French Door Fingerprint Resistant Refrigerator - Stainless steel,"$3,599.99 "
Samsung," 23 cu. ft. 4-Door Flex™ French Door Counter Depth Refrigerator with WiFi, Beverage Center and Dual Ice Maker - Fingerprint Resistant Black Stainless Steel","$3,329.99 "
LG, 29.7 Cu. Ft. French InstaView Door-in-Door Refrigerator with Craft Ice - Black stainless steel,"$3,399.99 "
Samsung, Family Hub 22.2 Cu. Ft. 4-Door French Door Counter-Depth Fingerprint Resistant Refrigerator - Stainless steel,"$3,509.99 "
Samsung, 28 cu. ft. 3-Door French Door Refrigerator with Family Hub™ - Fingerprint Resistant Stainless Steel,"$2,429.99 "
Bosch, 800 Series 21 Cu. Ft. French Door Counter-Depth Refrigerator - Stainless steel,"$3,099.99 "
Samsung, 26.5 cu. ft. Large Capacity 3-Door French Door Refrigerator with Family Hub™ and External Water & Ice Dispenser - Fingerprint Resistant Black Stainless Steel,"$2,969.99 "
LG, 27.9 French Door Smart Wi-Fi Enabled Refrigerator - Black stainless steel,"$2,499.99 "
Whirlpool, 19.7 Cu. Ft. French Door Refrigerator - Stainless steel,"$1,799.99 "
LG, 26 Cu. Ft. French InstaView Door-in-Door Refrigerator with Wifi and Dual Ice Maker - Stainless steel,"$2,799.99 "
Whirlpool, 24.5 Cu. Ft. 4-Door French Door Refrigerator - Black stainless steel,"$2,599.99 "
Bosch, 800 Series 20.5 Cu. Ft. 4-Door French Door Counter-Depth Refrigerator - Stainless steel,"$3,399.99 "
Insignia™, 20.9 Cu. Ft. French Door Counter-Depth Refrigerator - Stainless steel,"$1,499.99 "
Frigidaire, Gallery 21.7 Cu. Ft. Counter-Depth French Door Refrigerator - Stainless steel,"$2,654.99 "
Samsung, 22.6 Cu. Ft. 4-Door Flex French Door Counter-Depth Fingerprint Resistant Refrigerator - Stainless steel,"$2,899.99 "
KitchenAid, 20 Cu. Ft. French Door Counter-Depth Refrigerator - Stainless steel,"$2,399.99 "
KitchenAid, 27 Cu. Ft. French Door Refrigerator - Black Stainless Steel with Printshield Finish,"$3,149.99 "
Samsung, 28 cu. ft. 3-Door French Door Refrigerator with Family Hub™ - Fingerprint Resistant Black Stainless Steel,"$2,519.99 "
Samsung, 22.6 Cu. Ft. 4-Door Flex French Door Counter-Depth Refrigerator - Tuscan Stainless Steel,"$2,999.99 "
LG, 27.8 4-Door French Door Smart Wi-Fi Enabled Refrigerator PrintProof - Stainless steel,"$2,599.99 "
Samsung, 27.8 Cu. Ft. French Door Fingerprint Resistant Refrigerator with Food Showcase - Stainless steel,"$2,699.99 "
Samsung, Family Hub 22.2 Cu. Ft. Counter Depth 4-Door French Fingerprint Resistant Refrigerator - Black stainless steel,"$3,699.99 "
LG, 23.5 Cu. Ft. French Door Counter-Depth Refrigerator with Craft Ice - PrintProof Black Stainless Steel,"$2,899.99 "
Samsung, 28 Cu. Ft. 4-Door French Door Refrigerator - Tuscan Stainless Steel,"$2,789.99 "
Samsung, 28 Cu. Ft. French Door Refrigerator with CoolSelect Pantry™ - Fingerprint Resistant Stainless Steel,"$2,429.99 "
Whirlpool, 26.8 Cu. Ft. French Door Refrigerator - Fingerprint Resistant Stainless Steel,"$2,749.99 "
GE, 18.6 Cu. Ft. French Door Counter-Depth Refrigerator - Stainless steel,"$1,709.99 "
Bosch, 500 Series 36 in. 21 cu. ft. French 3 Door Refrigerator Counter-Depth with External Water and Ice - Stainless steel,"$2,999.00 "
GE, 27.7 Cu. Ft. Fingerprint Resistant French-Door Refrigerator with Door In Door - Stainless steel,"$2,724.99 "
LG, 22.5 Cu. Ft. 4-Door French Door Counter-Depth Refrigerator with InstaView Door-in-Door and Craft Ice - PrintProof Stainless Steel,"$3,599.99 "
Samsung, 28 cu. ft. Large Capacity 3-Door French Door Refrigerator with Internal Water Dispenser - Fingerprint Resistant Stainless Steel,"$1,799.99 "
LG, 22.5 Cu. Ft. 4-Door French Door Counter-Depth Refrigerator with Door-in-Door and Craft Ice - PrintProof Stainless Steel,"$3,399.99 "
Samsung, 28 cu. ft. 4-Door French Door Refrigerator with FlexZone™ Drawer - Fingerprint Resistant Stainless Steel,"$2,699.99 "
Samsung, 23 cu. ft. Smart Counter Depth 4-Door Flex™ Refrigerator with Family Hub™ & Beverage Center - Fingerprint Resistant Stainless Steel,"$3,959.99 "
Samsung," 30"" Wide, 22 cu. ft. French Door Fingerprint Resistant Refrigerator - Black stainless steel","$1,599.99 "
Samsung, 28 cu. ft. Large Capacity 3-Door French Door Refrigerator - Fingerprint Resistant Black Stainless Steel,"$1,799.99 "
Samsung, 28 cu. ft. Large Capacity 3-Door French Door Refrigerator with AutoFill Water Pitcher - Fingerprint Resistant Black Stainless Steel,"$1,979.99 "
Samsung, 28 cu. ft. Large Capacity 3-Door French Door Refrigerator - White,"$1,619.99 "
Café, Modern Glass 27.6 Cu. Ft. 4-Door French Door Refrigerator - Platinum Glass,"$3,779.99 "
GE, 24.8 Cu. Ft. French Door Refrigerator - Stainless steel,"$1,709.99 "
KitchenAid, 27 Cu. Ft. French Door Refrigerator - Printshield Stainless,"$3,049.99 "
GE, 27 Cu. Ft. French Door Fingerprint Resistant Refrigerator - Stainless steel,"$1,979.99 "
Samsung, 18 Cu.Ft. French Door Counter-Depth Fingerprint Resistant Refrigerator - Black stainless steel,"$1,349.99 "
KitchenAid, 23.8 Cu. Ft. French Door Counter-Depth Refrigerator - PrintShield stainless,"$4,499.99 "
Samsung, Family Hub 22.2 Cu. Ft. 4-Door French Door Counter-Depth Fingerprint Resistant Refrigerator - Black stainless steel,"$3,599.99 "
Samsung, 27.8 Cu. Ft. 4-Door Flex French Door Fingerprint Resistant Refrigerator with Food ShowCase - Stainless steel,"$3,299.99 "
LG, 26.9 Cu. Ft. 4-Door French Door Refrigerator with Internal Water Dispenser and Icemaker - PrintProof Stainless Steel,"$1,999.99 "
LG, 22.6 Cu. Ft. French InstaView Door-in-Door Counter-Depth Refrigerator with Ice Maker - PrintProof Stainless Steel,"$2,299.99 "
Café, 22.2 Cu. Ft. French Door Counter-Depth Refrigerator with Hot Water Dispenser - Stainless steel,"$3,086.00 "
Samsung, 22.4 cu. ft. 4-Door French Door Counter Depth Refrigerator with Food Showcase - Fingerprint Resistant Stainless Steel,"$3,149.99 "
Samsung, 22.4 cu. ft. 4-Door French Door Counter Depth Refrigerator with Food Showcase - Fingerprint Resistant Black Stainless Steel,"$3,239.99 "
Insignia™, 25.4 Cu. Ft. French Door Refrigerator with Water Dispenser - Stainless steel,"$1,699.99 "
Samsung, 29 cu. ft. Smart 4-Door Flex™ refrigerator with Family Hub™ and Beverage Center - Fingerprint Resistant Black Stainless Steel,"$3,959.99 "
LG, 29.5 Cu. Ft. 4-Door French Door Refrigerator with InstaView Door-in-Door and Craft Ice - PrintProof Stainless Steel,"$3,599.99 "
Samsung," 23 cu. ft. 4-Door Flex™ French Door Refrigerator with WiFi, AutoFill Water Pitcher & Dual Ice Maker - Fingerprint Resistant Stainless Steel","$2,969.99 "
Viking, 3 Series 22.1 Cu. Ft. French Door Counter-Depth Refrigerator - Stainless steel,"$3,619.00 "
LG, 23.5 Cu. Ft. French InstaView Door-in-Door Counter-Depth Refrigerator with Craft Ice - PrintProof Black Stainless Steel,"$3,399.99 "
Samsung, 22.6 Cu. Ft. French Door Counter-Depth Fingerprint Resistant Refrigerator with CoolSelect Pantry™ - Tuscan Stainless Steel,"$2,609.99 "
LG, InstaView Door-in-Door 27.8 Cu. Ft. 4-Door French Door Refrigerator - Black stainless steel,"$3,299.99 "
LG, 22.5 Cu. Ft. 4-Door French Door Counter-Depth Refrigerator with Door-in-Door and Craft Ice - PrintProof Black Stainless Steel,"$3,399.99 "
Frigidaire, Gallery 26.8 Cu. Ft. French Door Refrigerator - Stainless steel,"$2,384.99 "
LG, 22.5 Cu. Ft. 4-Door French Door Counter-Depth Refrigerator with InstaView Door-in-Door and Craft Ice - PrintProof Black Stainless Steel,"$3,599.99 "
Samsung," 29 cu. ft. 4-Door Flex™ French Door Refrigerator with WiFi, Beverage Center and Dual Ice Maker - Fingerprint Resistant Black Stainless Steel","$3,239.99 "
LG, STUDIO 23.5 Cu. Ft. French InstaView Door-in-Door Counter-Depth Refrigerator with Craft Ice - PrintProof Stainless Steel,"$4,445.99 "
Samsung, 22.5 Cu. Ft. French Door Counter-Depth Fingerprint Resistant Refrigerator with Food Showcase - Stainless steel,"$2,789.99 "
LG, 24.5 Cu. Ft. French Door Refrigerator with Wi-Fi - Stainless steel,"$2,699.99 "
Maytag, 24.7 Cu. Ft. French Door Refrigerator - Fingerprint Resistant Stainless Steel,"$2,299.99 "
Dacor," 36"" Counter-Depth Free Standing Refrigerator","$3,199.00 "
LG, 25.1 Cu. Ft. French Door Refrigerator - Stainless steel,"$1,899.99 "
Samsung, 19.5 cu. ft. 3-Door French Door Refrigerator with Wi-Fi - White,"$1,259.99 "
Samsung, 25.5 Cu. Ft. French Door Refrigerator with Internal Water Dispenser - Stainless steel,"$1,649.99 "
LG," 28 cu.ft. 4 Door French Door with Dual Ice with Craft Ice, Double Freezer and Smart Wi-Fi Enabled - PrintProof Stainless Steel","$3,099.99 "
Samsung, BESPOKE 29 cu. ft. 4-Door Flex™ French Door Refrigerator with WiFi and Customizable Panel Colors - Custom Panel-Ready (Panels Sold Separately),"$2,799.99 "
LG," 29 cu. Ft. 3 Door French Door with Ice Maker, and External Water Dispenser - PrintProof Black Stainless Steel","$1,999.99 "
Samsung, 21.8 Cu. Ft. French Door Refrigerator - White,"$1,499.99 "
LG, 29.7 Cu. Ft. French Door-in-Door Refrigerator with Craft Ice - PrintProof Black Stainless Steel,"$3,099.99 "
Samsung, 22.5 Cu. Ft. Counter Depth 4-Door Flex French Door Fingerprint Resistant Refrigerator with Convertible Zone - Black stainless steel,"$3,199.99 "
KitchenAid, 24.2 Cu. Ft. French Door Built-In Refrigerator - Stainless steel,"$9,999.99 "
Samsung, 17.5 Cu. Ft. French Door Counter-Depth Refrigerator - Stainless steel,"$1,249.99 "
Thermador, Professional 20.8 cu. Ft. French Door Counter-Depth Refrigerator with HomeConnect,"$4,999.00 "
Samsung, 19.5 cu. ft. 3-Door French Door Counter Depth Refrigerator with Wi-Fi - Fingerprint Resistant Stainless Steel,"$1,349.99 "
KitchenAid, 23.8 Cu. Ft. French Door Counter-Depth Refrigerator - Black stainless steel,"$4,599.99 "
Bosch, 800 Series 21 Cu. Ft. French Door Counter-Depth Refrigerator - Black stainless steel,"$3,199.99 "
KitchenAid, 23.8 Cu. Ft. French Door Counter-Depth Refrigerator - Stainless steel,"$4,499.99 "
Samsung, 29 cu. ft. Smart 4-Door Flex™ refrigerator with Family Hub™ and Beverage Center - Fingerprint Resistant Stainless Steel,"$3,896.99 "
LG, 29.5 Cu. Ft. 4-Door French Door Refrigerator with Door-in-Door and Craft Ice - PrintProof Stainless Steel,"$3,399.99 "
Samsung, Family Hub 22 Cu. Ft. 4-Door Flex French Door Counter-Depth Fingerprint Resistant Refrigerator - Black stainless steel,"$4,099.99 "
Whirlpool, 26.2 Cu. Ft. 4-Door French Door Refrigerator - Fingerprint Resistant Stainless Steel,"$3,299.99 "
Samsung, 27.8 Cu. Ft. French Door Fingerprint Resistant Refrigerator with Food Showcase - Black stainless steel,"$2,789.99 "
LG, 21.9 Cu. Ft. French Door-in-Door Counter-Depth Refrigerator - Black stainless steel,"$2,999.99 "
Fisher & Paykel, Series 7 4-Door French Door Refrigerator - Stainless steel,"$3,099.00 "
GE, Profile Series ENERGY STAR® 27.7 Cu. Ft. Fingerprint Resistant French-Door Refrigerator with Hands-Free AutoFill - Stainless steel,"$2,789.99 "
Samsung, 27.8 Cu. Ft. 4-Door French Door Refrigerator with Food Showcase - Tuscan Stainless Steel,"$3,149.99 "
Café, 27.6 Cu. Ft. 4-Door French Door Refrigerator - Brushed Stainless,"$3,509.99 "
LG, 29.5 Cu. Ft. 4-Door French Door Refrigerator with Door-in-Door and Craft Ice - PrintProof Black Stainless Steel,"$3,399.99 "
Samsung, BESPOKE 29 cu. ft. 4-Door Flex™ French Door Refrigerator with WiFi and Customizable Panel Colors - Matte Black Steel,"$3,099.99 "
Thermador, Freedom Collection 19.4 cu. ft. French Door Built-in Refrigerator with Professional Series Handles,"$9,599.00 "
Samsung, 28 Cu. Ft. French Door Fingerprint Resistant Refrigerator with CoolSelect Pantry™ - Black stainless steel,"$2,519.99 "
Insignia™, 20.1 Cu. Ft. French Door Counter-Depth Refrigerator with Water Dispenser - Stainless steel,"$1,699.99 "
LG, 21.8 Cu. Ft. French Door Refrigerator - Stainless steel,"$1,699.99 "
Samsung, BESPOKE 23 cu. ft. 4-Door Flex™ French Door Counter Depth Refrigerator with WiFi and Customizable Panel Colors - Navy Glass,"$3,199.99 "
Samsung, 22.6 Cu. Ft. French Door Counter-Depth Fingerprint Resistant Refrigerator with CoolSelect Pantry™ - Black stainless steel,"$2,609.99 "
Samsung, 22.6 cu. ft. 4-Door French Door Counter Depth Refrigerator with FlexZone™ Drawer - Fingerprint Resistant Black Stainless Steel,"$2,879.99 "
Samsung, 22.6 Cu. Ft. French Door Counter-Depth Refrigerator with CoolSelect Pantry™ - White,"$2,429.99 "
Samsung, Family Hub 22 Cu. Ft. 4-Door Flex French Door Counter-Depth Fingerprint Resistant Refrigerator - Stainless steel,"$3,999.99 "
Frigidaire, 26.8 Cu. Ft. French Door Refrigerator - Stainless steel,"$2,114.99 "
Café, 27.6 Cu. Ft. 4-Door French Door Refrigerator - Matte Black,"$3,689.99 "
Samsung, 28 cu. ft. Large Capacity 3-Door French Door Refrigerator with Internal Water Dispenser - White,"$1,709.99 "
Samsung, 28 Cu. Ft. French Door Fingerprint Resistant Refrigerator with CoolSelect Pantry™ - TuscanStainless Steel,"$2,519.99 "
Samsung, 22.6 Cu. Ft. 4-Door French Door Counter Depth Refrigerator - Tuscan Stainless Steel,"$2,879.99 "
GE, 27 Cu. Ft. French Door Refrigerator - Slate,"$1,979.99 "
Café, ENERGY STAR® 27.4 Cu. Ft. Smart Quad-Door Refrigerator - Platinum Glass,"$3,959.99 "
Samsung, 28 Cu. Ft. French Door Refrigerator with CoolSelect Pantry™ - White,"$2,339.99 "
Fisher & Paykel, ActiveSmart 16.9 Cu. Ft. French Door Counter-Depth Refrigerator - Ezkleen Stainless Steel,"$2,599.00 "
Frigidaire, 26.8 Cu. Ft. French Door Refrigerator - Black stainless steel,"$2,204.99 "
Samsung, BESPOKE 23 cu. ft. 4-Door Flex™ French Door Counter Depth Refrigerator with WiFi and Customizable Panel Colors - Matte Black Steel,"$3,199.99 "
Samsung, 23 cu. ft. Counter Depth 4-Door with Cool Select Plus Fingerprint Resistant Refrigerator - Stainless steel,"$3,099.99 "
LG," 28 cu.ft. 4 Door French Door with InstaView Dual Ice with Craft Ice, Double Freezer and Smart Wi-Fi Enabled - PrintProof Stainless Steel","$3,799.99 "
KitchenAid, 25.8 Cu. Ft. 5-Door French Door Refrigerator - Black stainless steel,"$4,199.99 "
GE, 23.8 Cu. Ft. French Door Refrigerator - Stainless steel,"$2,249.99 "
GE, 27.8 Cu. Ft. French Door in Door Refrigerator - Black Slate,"$2,994.99 "
Fisher & Paykel, 20.1 Cu. Ft. French Door Refrigerator - Ezkleen Stainless Steel,"$3,199.00 "
Thermador, Freedom Collection 19.4 cu. ft. French Door Built-in Refrigerator with Masterpiece Series Handles,"$9,599.00 "
Samsung, 23 cu. ft. Smart Counter Depth 4-Door Flex™ Refrigerator with Family Hub™ & Beverage Center - Fingerprint Resistant Black Stainless Steel,"$4,049.99 "
LG, 14.3 Cu Ft Kimchi Refrigerator - Platinum Silver,"$2,699.99 "
Whirlpool, 24.5 Cu. Ft. 4-Door French Door Refrigerator - Black,"$2,399.99 "
LG, 30.8 Cu. Ft. 4-Door French Door Refrigerator with InstaView Door-in-Door - Textured Steel,"$7,999.00 "
Samsung," 23 cu. ft. 4-Door Flex™ French Door Refrigerator with WiFi, AutoFill Water Pitcher & Dual Ice Maker - Fingerprint Resistant Black Stainless Steel","$3,059.99 "
GE, 18.6 Cu. Ft. French Door Counter-Depth Refrigerator - High Gloss Black,"$1,619.99 "
GE, Profile Series ENERGY STAR 27.7 Cu. Ft. Smart Fingerprint Resistant French-Door Refrigerator with Keurig® Brewing System - Stainless steel,"$3,059.99 "
Café, 18.6 Cu. Ft. French Door Counter-Depth Refrigerator - Stainless steel,"$2,069.99 "
Maytag, 21.7 Cu. Ft. French Door Refrigerator - White on white,"$2,249.99 "
Thermador, Masterpiece 20.8 cu. Ft. French Door Counter-Depth Refrigerator with HomeConnect,"$4,999.00 "
Fisher & Paykel, ActiveSmart 16.8 Cu. Ft. French Door Built-In Refrigerator - Panel Ready,"$4,399.00 "
GE, Profile Series 27.8 Cu. Ft. French Door Refrigerator - Slate,"$2,994.99 "
Fisher & Paykel, Series 7 31 inch 16.9 cu ft Freestanding French Door Refrigerator with Ice and Water - Black,"$2,999.00 "
Samsung, Family Hub 28 Cu. Ft. 4-Door Flex French Door Fingerprint Resistant Refrigerator - Stainless steel,"$3,899.99 "
GE, 24.8 Cu. Ft. French Door Refrigerator - High Gloss White,"$1,619.99 "
Samsung, 24.6 Cu. Ft. French Door Refrigerator with Thru-the-Door Ice and Water - Stainless steel,"$1,999.99 "
Bosch, 800 Series 20.8 Cu. Ft. French Door Counter-Depth Refrigerator - Stainless steel,"$3,499.99 "
Thor Kitchen, 22 5/8 cu. ft. Stainless Steel Counter Depth 4-Door French Door Refrigerator with Ice Maker- Stainless Steel - Stainless steel,"$2,299.99 "
KitchenAid, 24.2 Cu. Ft. French Door Built-In Refrigerator - Custom Panel Ready,"$8,999.99 "
GE, 23.1 Cu. Ft. French Door Counter-Depth Refrigerator - Slate,"$2,454.99 "
LG, 24.5 Cu. Ft. French Door Refrigerator with Wi-Fi - PrintProof Black Stainless Steel,"$2,799.99 "
GE, 27.8 Cu. Ft. French Door Refrigerator - Slate,"$2,724.99 "
GE, 27 Cu. Ft. French Door Refrigerator - White,"$1,889.99 "
KitchenAid, 26.8 Cu. Ft. French Door Refrigerator - White,"$3,049.99 "
LG," 28 cu.ft. 4 Door French Door with InstaView Dual Ice with Craft Ice, Double Freezer and Smart Wi-Fi Enabled - PrintProof Black Stainless Steel","$3,899.99 "
Samsung," 29 cu. ft. 4-Door Flex™ French Door Refrigerator with WiFi, AutoFill Water Pitcher & Dual Ice Maker - Fingerprint Resistant Black Stainless Steel","$2,969.99 "
GE, 18.6 Cu. Ft. French Door Counter-Depth Refrigerator - Slate,"$1,709.99 "
Fisher & Paykel, 16.9 Cu. Ft. French Door Refrigerator - Ezkleen Stainless Steel,"$2,899.00 "
Samsung, 27.8 Cu. Ft. French Door Fingerprint Resistant Refrigerator with Food Showcase - Tuscan Stainless Steel,"$2,789.99 "
GE, Profile Series 22.2 Cu. Ft. French Door Counter-Depth Refrigerator - Black Slate,"$2,969.99 "
Samsung, Family Hub 22.2 Cu. Ft. 4-Door French Door Counter-Depth Fingerprint Resistant Refrigerator - Tuscan Stainless Steel,"$3,599.99 "
GE, Profile Series ENERGY STAR 22.1 Cu. Ft. Smart Fingerprint Resistant French-Door Refrigerator with Keurig® Brewing System - Stainless steel,"$3,059.99 "
Thor Kitchen, 20.7-cu ft 4-Door Counter-Depth French Door Refrigerator with Ice Maker-Stainless Steel - Stainless steel,"$2,299.99 "
Samsung, BESPOKE 23 cu. ft. 4-Door Flex™ French Door Counter Depth Refrigerator with WiFi and Customizable Panel Colors - Custom Panel-Ready (Panels Sold Separately),"$2,899.99 "
Samsung, Family Hub 28 Cu. Ft. 4-Door Flex French Door Fingerprint Resistant Refrigerator - Black stainless steel,"$3,999.99 "
Whirlpool, 20 Cu. Ft. French Door Counter-Depth Refrigerator - White,"$2,199.99 "
Samsung, 22.1 Cu. Ft. 4-Door Flex French Door Counter-Depth Fingerprint Resistant Refrigerator with Food ShowCase - Stainless steel,"$3,399.99 "
GE, 25.6 Cu. Ft. French Door Refrigerator - High-Gloss White,"$2,069.99 "
Samsung, 17.5 cu. ft. Counter Depth 3-Door French Door Refrigerator with WiFi and Twin Cooling Plus® - White,"$1,169.99 "
Samsung, 22.1 Cu. Ft. 4-Door Flex French Door Counter-Depth Fingerprint Resistant Refrigerator with Food ShowCase - Black stainless steel,"$3,499.99 "
GE, 22.1 Cu. Ft. French Door Counter-Depth Refrigerator - Black Slate,"$2,904.99 "
Café, 27.6 Cu. Ft. 4-Door French Door Refrigerator - Matte White,"$3,689.99 "
Samsung, BESPOKE 29 cu. ft. 4-Door Flex™ French Door Refrigerator with WiFi and Customizable Panel Colors - Navy Glass,"$3,099.99 "
Samsung, 17.3 Cu. Ft. Kimchi & Specialty 4-Door French Door Refrigerator with WiFi and Super Precise Cooling - White-Navy Glass,"$2,499.99 "
LG," 28 cu.ft. 4 Door French Door with Dual Ice with Craft Ice, Double Freezer and Smart Wi-Fi Enabled - PrintProof Black Stainless Steel","$3,199.99 "
GE, 17.5 Cu. Ft. French Door Counter-Depth Refrigerator - Stainless steel,"$2,249.99 "
Fisher & Paykel, ActiveSmart 16.9 Cu. Ft. French Door Counter-Depth Refrigerator - White,"$2,399.00 "
KitchenAid, 20.8 Cu. Ft. French Door Built-In Refrigerator - White,"$7,699.99 "
Fisher & Paykel, ActiveSmart 20.1 Cu. Ft. French Door Refrigerator - Brushed Stainless Steel,"$3,399.00 "
Samsung, 25.5 Cu. Ft. French Door Fingerprint Resistant Refrigerator with Internal Water Dispenser - Black stainless steel,"$1,749.99 "
Samsung, 28 cu. ft. 3-Door French Door Refrigerator with AutoFill Water Pitcher - White,"$2,519.99 "
GE, ENERGY STAR® 28.7 Cu. Ft. Fingerprint Resistant French-Door Refrigerator - Stainless steel,"$2,004.99 "
Samsung, 28.1 Cu. Ft. 4-Door Flex French Door Fingerprint Resistant Refrigerator - Black stainless steel,"$3,099.99 "
Thermador, Freedom Collection 19.4 cu. ft. French Door Built-in Refrigerator in Panel Ready,"$8,299.00 "
GE, 25.6 Cu. Ft. French Door Refrigerator - Slate,"$2,249.99 "
GE, 25.5 Cu. Ft. French Door Refrigerator - Stainless steel,"$2,249.99 "
GE, 23.1 Cu. Ft. French Door Counter-Depth Refrigerator - Slate,"$2,544.99 "
GE, 20.8 Cu. Ft. French Door Refrigerator - Stainless steel,"$1,529.99 "
GE, 27.8 Cu. Ft. French Door in Door Refrigerator with Water and Ice Dispenser - Slate,"$2,904.99 "
GE, Profile Series 22.2 Cu. Ft. French Door in Door Counter-Depth Refrigerator - Black stainless steel,"$3,149.99 "
Fisher & Paykel, ActiveSmart 20.1 Cu. Ft. French Door Counter-Depth Refrigerator - White,"$2,799.00 "
GE, 23.8 Cu. Ft. French Door Refrigerator - Slate,"$2,249.99 "
LG, 27.8 4-Door French Door Smart Wi-Fi Enabled Refrigerator - Black stainless steel,"$2,699.99 "
Samsung, 27.8 Cu. Ft. 4-Door Flex French Door Fingerprint Resistant Refrigerator with Food ShowCase - Black stainless steel,"$3,399.99 "
Maytag, 24.7 Cu. Ft. French Door Refrigerator - White on white,"$2,199.99 "
Samsung, 19.5 cu. ft. 3-Door French Door Refrigerator with Wi-Fi - Fingerprint Resistant Black Stainless Steel,"$1,439.99 "
Monogram, 23.1 Cu. Ft. French Door Counter-Depth Refrigerator - Stainless steel,"$4,130.00 "
Samsung, 24.7 Cu. Ft. 4-Door French Door Refrigerator with Thru-the-Door Ice and Water - Stainless steel,"$2,699.99 "
GE, 18.6 Cu. Ft. French Door Counter-Depth Refrigerator - High Gloss White,"$1,619.99 "
KitchenAid, 22.1 Cu. Ft. French Door Refrigerator - Stainless steel,"$2,299.99 "
Fisher & Paykel, ActiveSmart 20.1 Cu. Ft. French Door Counter-Depth Refrigerator - Ezkleen Stainless Steel,"$2,899.00 "
Fisher & Paykel, Series 7 16.9 Cu. Ft. French Door Refrigerator - EZKleen Stainless Steel,"$2,799.00 "
LG, 23.5 Cu. Ft. French Door-in-Door Counter-Depth Refrigerator with Craft Ice - PrintProof Black Stainless Steel,"$3,099.99 "
Bertazzoni, Professional Series 21 Cu. Ft. French Door Counter-Depth Refrigerator - Stainless steel,"$3,049.00 "
Café, 23.1 Cu. Ft. French Door Counter-Depth Refrigerator - Matte White,"$3,084.99 "
Whirlpool, 19.7 Cu. Ft. French Door Refrigerator - Black,"$1,899.99 "
Whirlpool, 23.8 Cu. Ft. French Door Counter-Depth FingerPrint Resistant Refrigerator - Fingerprint Resistant Stainless Steel,"$3,899.99 "
Dacor, 23.5 Cu Ft 4-Door Flex French Door Built In Panel Ready Refrigerator with FreshZone Drawer and Precise Cooling - Panel Ready,"$10,499.00 "
Viking, Professional 5 Series Quiet Cool 17.8 Cu. Ft. Refrigerator - Black,"$8,739.00 "
Monogram, 20.8 Cu. Ft. French Door Built-In Refrigerator - Custom Panel Ready,"$8,300.00 "
Samsung, 22.4 Cu. Ft. 4-Door French Door Counter-Depth Refrigerator with Food Showcase - Tuscan Stainless Steel,"$3,239.99 "
Samsung, Family Hub 27.7 Cu. Ft. 4-Door French Door Fingerprint Resistant Refrigerator - Tuscan Stainless Steel,"$3,509.99 "
LG, 29.7 Cu. Ft. French Door-in-Door Refrigerator - Black stainless steel,"$3,599.99 "
GE, 24.8 Cu. Ft. French Door Refrigerator - Slate,"$1,709.99 "
KitchenAid, 25.2 Cu. Ft. French Door Refrigerator - White,"$2,199.99 "
Samsung, 17.3 Cu. Ft. Kimchi & Specialty 4-Door French Door Refrigerator with WiFi and Super Precise Cooling - Platinum Bronze,"$2,799.99 "
LG, 27.5 Cu. Ft. InstaView French Door-in-Door Refrigerator - Black stainless steel,"$1,597.99 "
Café, 27.8 Cu. Ft. French Door Refrigerator with Hot Water Dispenser - Stainless steel,"$3,084.99 "
GE, 28.7 Cu. Ft. French Door Refrigerator - Slate,"$2,069.99 "
Maytag, 21.7 Cu. Ft. French Door Refrigerator - Black on Black,"$2,249.99 "
Café, 22.2 Cu. Ft. French Door Counter-Depth Refrigerator - Matte White,"$3,264.99 "
Maytag, 24.7 Cu. Ft. French Door Refrigerator - Black on Black,"$2,199.99 "
Samsung, 24.6 Cu. Ft. French Door Refrigerator - White,"$1,999.99 "
GE, 27.8 Cu. Ft. French Door Refrigerator - Black Slate,"$2,814.99 "
Frigidaire, Gallery Series 21.8 Cu. Ft. 4-Door French Door Counter-Depth Refrigerator - Stainless steel,"$2,879.99 "
GE, 22.1 Cu. Ft. French Door Counter-Depth Refrigerator - Slate,"$2,814.99 "
GE, 23.8 Cu. Ft. French Door Refrigerator - High Gloss White,"$2,159.99 "
Frigidaire, Gallery 26.8 Cu. Ft. French Door Refrigerator - Black stainless steel,"$2,474.99 "
KitchenAid, 21.9 Cu. Ft. French Door Counter-Depth Refrigerator - Black stainless steel,"$3,649.99 "
Frigidaire, Gallery 22.4 Cu. Ft. French Door Counter-Depth Refrigerator - Smudge-Proof® Stainless Steel,"$2,384.99 "
Whirlpool, 22.1 Cu. Ft. French Door Refrigerator - Fingerprint Resistant Stainless Steel,"$1,999.99 "
Café, 18.6 Cu. Ft. French Door Counter-Depth Refrigerator - Matte Black,"$2,249.99 "
Café, 18 Cu. Ft. French Door Counter-Depth Refrigerator - Matte White,"$2,499.00 "
Bosch, 800 Series 36 in. 20 cu. ft. French 4 Door Refrigerator Counter-Depth - Stainless steel,"$4,439.00 "
GE, 24.8 Cu. Ft. French Door Refrigerator - High Gloss Black,"$1,619.99 "
GE, 20.8 Cu. Ft. French Door Refrigerator - Slate,"$1,529.99 "
Samsung, 28 Cu. Ft. French Door Refrigerator - Stainless steel,"$2,519.99 "
Samsung, 19.4 Cu. Ft. French Door Refrigerator - Stainless steel,"$1,349.99 "
Whirlpool, 24.7 Cu. Ft. French Door Refrigerator - White,"$2,099.99 "
Samsung, 24.73 Cu. Ft. 4-Door Flex French Door Fingerprint Resistant Refrigerator - Black stainless steel,"$2,799.99 "
GE, Profile Series 27.8 Cu. Ft. French Door Refrigerator - Black stainless steel,"$3,084.99 "
Frigidaire, Gallery 27.6 Cu. Ft. French Door Refrigerator - Stainless steel,"$2,114.99 "
LG, 22.5 Cu. Ft. French InstaView Door-in-Door Counter-Depth 4-Door Refrigerator with WiFi - Black stainless steel,"$2,429.99 "
JennAir, RISE 21.9 Cu. Ft. French Door Counter-Depth Refrigerator with Gourmet Bay drawer and TriSensor Climate Control - Stainless steel,"$3,699.00 "
LG, 29.6 Cu. Ft. French Door-in-Door Smart Wi-Fi Enabled Refrigerator - Stainless steel,"$3,419.99 "
Samsung, 26 cu.ft. French Door with External Water and Ice Dispenser - White,"$2,399.99 "
GE, 25 Cu. Ft. French Door Refrigerator - Black stainless steel,"$2,339.99 "
GE, 27.8 Cu. Ft. French Door Refrigerator - Slate,"$2,814.99 "
Whirlpool, 20 Cu. Ft. French Door Counter-Depth Refrigerator - Black,"$2,199.99 "
LG, 21.6 Cu. Ft. French Door Refrigerator - Stainless steel,"$1,799.99 "
Maytag, 20 Cu. Ft. French Door Counter-Depth Refrigerator - Fingerprint Resistant Stainless Steel,"$2,399.99 "
Whirlpool, 25.2 Cu. Ft. French Door Refrigerator with Internal Water Dispenser - Black,"$1,799.99 "
GE, 23.8 Cu. Ft. French Door Refrigerator - High Gloss Black,"$2,159.99 "
Samsung, Family Hub 24.2 Cu. Ft. 3-Door French Door Refrigerator - Stainless steel,"$2,799.99 "
Samsung, 25.5 Cu. Ft. French Door Refrigerator with Internal Water Dispenser - White,"$1,549.99 "
LG, 22.5 Cu. Ft. French InstaView Door-in-Door Counter-Depth 4-Door Refrigerator with WiFi - Stainless steel,"$3,869.99 "
Samsung, 26 cu. ft. 3-Door French Door Refrigerator with CoolSelect Pantry - Stainless steel,"$2,399.99 "
Whirlpool, 26.2 Cu. Ft. 4-Door French Door Refrigerator - Fingerprint Resistant Black Stainless,"$3,399.99 "
Whirlpool, 20 Cu. Ft. French Door Counter-Depth Refrigerator - Fingerprint Resistant Stainless Steel,"$2,299.99 "
KitchenAid, 22.1 Cu. Ft. French Door Refrigerator - White,"$2,299.99 "
Samsung, 28.1 Cu. Ft. 4-Door Flex French Door Fingerprint Resistant Refrigerator - Stainless steel,"$2,999.99 "
Whirlpool, 26.8 Cu. Ft. French Door Refrigerator - Fingerprint Resistant Black Stainless,"$2,849.99 "
Café, 27.8 Cu. Ft. French Door Refrigerator with Keurig Brewing System - Stainless steel,"$3,264.99 "
Samsung, 24.6 Cu. Ft. French Door Fingerprint Resistant Refrigerator - Black stainless steel,"$2,099.99 "
Maytag, 19.7 Cu. Ft. French Door Refrigerator - Fingerprint Resistant Stainless Steel,"$1,749.99 "
GE, Profile Series ENERGY STAR® 23.1 Cu. Ft. Counter-Depth Fingerprint Resistant French-Door Refrigerator - Stainless steel,"$2,544.99 "
Whirlpool, 25.2 Cu. Ft. French Door Refrigerator - Black,"$1,699.99 "
GE, Profile Series 27.7 Cu. Ft. Fingerprint Resistant French-Door Refrigerator with Door In Door and Hands-Free AutoFill - Stainless steel,"$2,969.99 "
Viking, Professional 5 Series Quiet Cool 17.8 Cu. Ft. Refrigerator - Stainless steel,"$7,829.00 "
Fisher & Paykel, Series 7 36 inch 20.1 cu ft Freestanding French Door Refrigerator - Black,"$3,299.00 "
Whirlpool, 26.8 Cu. Ft. French Door Refrigerator - Fingerprint Resistant Black Stainless,"$2,949.99 "
Whirlpool, 19.7 Cu. Ft. French Door Refrigerator - Fingerprint Resistant Stainless Steel,"$1,699.99 "
Dacor, 23.5 Cu Ft 4-Door Flex French Door Built In Panel Ready Refrigerator with FreshZone Drawer and Precise Cooling - Panel Ready,"$8,999.00 "
Bosch, 500 Series 36 in. 21 cu. ft. French 3 Door Refrigerator Counter-Depth with External Water and Ice - Black stainless steel,"$3,099.00 "
Whirlpool, 26.8 Cu. Ft. French Door Refrigerator - Fingerprint Resistant Stainless Steel,"$2,849.99 "
Café, 22.2 Cu. Ft. French Door Counter-Depth Refrigerator with Keurig Brewing System - Stainless steel,"$3,264.99 "
GE, 27 Cu. Ft. French Door Refrigerator - Stainless steel,"$1,709.99 "
Dacor," 36"" Counter-Depth Free Standing Refrigerator","$3,399.00 "
LG, 21.8 Cu. Ft. French Door Refrigerator - Black stainless steel,"$1,849.99 "
LG, 23.5 Cu. Ft. French Door Counter-Depth Refrigerator - Black stainless steel,"$3,239.99 "
Samsung, 25.5 Cu. Ft. French Door Fingerprint Resistant Refrigerator - Black stainless steel,"$1,699.99 "
Maytag, 22.1 Cu. Ft. French Door Fingerprint Resistant Refrigerator - Fingerprint Resistant Stainless Steel,"$1,999.99 "
LG, 29.6 Cu. Ft. French Door-in-Door Smart Wi-Fi Enabled Refrigerator - Black stainless steel,"$3,599.99 "
Samsung, 25.1 Cu. Ft. French Door Refrigerator with Family Hub - Stainless steel,"$2,426.99 "
Samsung, 25.5 Cu. Ft. French Door Refrigerator with Filtered Ice Maker - Stainless steel,"$1,599.99 "
Whirlpool, 25.2 Cu. Ft. French Door Refrigerator with Internal Water Dispenser - White,"$1,799.99 "
Whirlpool, 24.5 Cu. Ft. 4-Door French Door Refrigerator - White,"$2,399.99 "
GE, 23.8 Cu. Ft. French Door Refrigerator - Black stainless steel,"$2,339.99 "
Whirlpool, 20 Cu. Ft. French Door Counter-Depth Refrigerator - Fingerprint Resistant Black Stainless,"$2,399.99 "
Maytag, 25.2 Cu. Ft. French Door Refrigerator - Fingerprint Resistant Stainless Steel,"$1,949.99 "
GE, 27 Cu. Ft. French Door Refrigerator - High Gloss Black,"$1,889.99 "
KitchenAid, 26.8 Cu. Ft. French Door Refrigerator - Black,"$2,744.99 "
Café, 27.8 Cu. Ft. French Door Refrigerator with Hot Water Dispenser - Matte Black,"$3,264.99 "
Whirlpool, 22.1 Cu. Ft. French Door Refrigerator - Fingerprint Resistant Black Stainless,"$2,099.99 "
Café, 27.8 Cu. Ft. French Door Refrigerator with Hot Water Dispenser - Matte White,"$3,264.99 "
Whirlpool, 22.1 Cu. Ft. French Door Refrigerator - White,"$1,899.99 "
KitchenAid, 20 Cu. Ft. French Door Counter-Depth Refrigerator - Black stainless steel,"$2,499.99 "
Whirlpool, 24.7 Cu. Ft. French Door Refrigerator - Black,"$2,099.99 "
Whirlpool, 19.7 Cu. Ft. French Door Refrigerator - White,"$1,899.99 "
KitchenAid, 25 Cu. Ft. French Door Refrigerator - Black stainless steel,"$2,299.99 "
KitchenAid, 25.2 Cu. Ft. French Door Refrigerator - Stainless steel,"$2,199.99 "
KitchenAid, 22.1 Cu. Ft. French Door Refrigerator - Black stainless steel,"$2,399.99 "
LG, 22.7 Cu. Ft. Counter-Depth 4-Door French Door Refrigerator with Thru-the-Door Ice and Water - Black stainless steel,"$3,509.99 "
GE, Profile Series 23.1 Cu. Ft. French Door Counter-Depth Refrigerator - Black Slate,"$2,634.99 "
Whirlpool, 19.7 Cu. Ft. French Door Refrigerator - Fingerprint Resistant Black Stainless,"$2,099.99 "
KitchenAid, 23.7 Cu. Ft. French Door Counter-Depth Refrigerator - Stainless steel,"$4,199.99 "
KitchenAid, 20 Cu. Ft. French Door Refrigerator - Black stainless steel,"$2,199.99 "
KitchenAid, 21.9 Cu. Ft. French Door Counter-Depth Refrigerator - Stainless steel,"$3,549.99 "
KitchenAid, 19.7 Cu. Ft. French Door Refrigerator - Stainless steel,"$2,099.99 "
KitchenAid, 19.6 Cu. Ft. French Door Refrigerator - White,"$2,099.99 "
KitchenAid, 21.9 Cu. Ft. Counter-Depth French Door Refrigerator - Custom Panel Ready,"$3,549.99 "
Café, 22.2 Cu. Ft. French Door Counter-Depth Refrigerator - Matte Black,"$3,264.99 "
Whirlpool, 25.2 Cu. Ft. French Door Refrigerator - Fingerprint Resistant Stainless Steel,"$1,899.99 "
LG, 27.7 Cu. Ft. French Door-in-Door Smart Wi-Fi Enabled Refrigerator - Matte Black Stainless Steel,"$2,924.99 "
GE, 27 Cu. Ft. French Door Refrigerator - Stainless steel,"$1,709.99 "
GE, Profile Series 22.1 Cu. Ft. Fingerprint Resistant French-Door Refrigerator with Door In Door and Hands-Free AutoFill - Stainless steel,"$3,059.99 "
Café, 23.1 Cu. Ft. French Door Counter-Depth Refrigerator - Matte Black,"$3,084.99 "
Whirlpool, 19.7 Cu. Ft. French Door Refrigerator - Fingerprint Resistant Stainless Steel,"$1,699.99 "
Whirlpool, 19.7 Cu. Ft. French Door Refrigerator - Fingerprint Resistant Black Stainless,"$1,799.99 "
LG, 22.8 Cu. Ft. 4-Door French Door Counter-Depth Refrigerator with InstaView Door-in-Door - Textured Steel,"$7,999.00 "
GE, 17.5 Cu. Ft. French Door Counter-Depth Refrigerator - Black Slate,"$2,339.99 "
LG, SIGNATURE 31 cu. ft. InstaView Door-in-Door Smart Wi-Fi Enabled Refrigerator - Textured Steel,"$6,299.99 "
Whirlpool, 19.7 Cu. Ft. French Door Refrigerator - Black,"$1,599.99 "
Whirlpool, 19.7 Cu. Ft. French Door Refrigerator - White,"$1,599.99 "
Whirlpool, 25.2 Cu. Ft. French Door Refrigerator - White,"$1,699.99 "
Whirlpool, 25.2 Cu. Ft. French Door Refrigerator - Fingerprint Resistant Stainless Steel,"$1,799.99 "
LG, 23.5 Cu. Ft. French Door-in-Door Counter-Depth Refrigerator with Craft Ice - PrintProof Stainless Steel,"$3,099.99 "
Maytag, 21.7 Cu. Ft. French Door Refrigerator - Fingerprint Resistant Stainless Steel,"$2,349.99 "
LG, STUDIO 23.5 Cu. Ft. French InstaView Door-in-Door Counter-Depth Smart Wi-Fi Refrigerator - Black stainless steel,"$3,869.99 "
Samsung, Chef Collection 22.6 Cu. Ft. 4-Door Flex French Door Counter-Depth Fingerprint Resistant Refrigerator - Matte Black Stainless Steel,"$4,299.00 "
GE, Profile Series 27.8 Cu. Ft. French Door in Door Refrigerator - Black stainless steel,"$3,059.99 "
Frigidaire, 21.7 Cu. Ft. French Door Refrigerator - Stainless steel,"$2,384.99 "
Whirlpool, 19.7 Cu. Ft. French Door Counter-Depth Refrigerator - Fingerprint Resistant Stainless Steel,"$3,399.99 "
Whirlpool, 23.8 Cu. Ft. French Door Counter-Depth Refrigerator - Fingerprint Resistant Black Stainless,"$3,999.99 "
GE, 23.1 Cu. Ft. French Door Counter-Depth Refrigerator - Black Slate,"$2,544.99 "
GE, 25.8 Cu. Ft. French Door Refrigerator - Slate,"$2,274.99 "
Haier, 27 Cu. Ft. French Door Refrigerator - Black stainless steel,"$2,069.99 "
Haier, 27.0 Cu. Ft. French Door Refrigerator with Fingerprint Resistance - Fingerprint Resistant Stainless Steel,"$1,979.99 "
Monogram, 23.1 Cu. Ft. French Door Counter-Depth Refrigerator - Stainless steel,"$4,130.00 "
Fisher & Paykel, Freestanding 32-in 17.1 cu ft Refrigerator Freezer with Ice & Water - Black stainless steel,"$2,499.00 "
Dacor, 21.3 Cu Ft French Door Built In Panel Ready Refrigerator with FreshZone Drawer and Precise Cooling - Panel Ready,"$8,499.00 "
Dacor, 21.3 Cu Ft French Door Built In Panel Ready Refrigerator with FreshZone Drawer and Precise Cooling - Panel Ready,"$6,999.00 "
Haier, 27 Cu. Ft. French Door Refrigerator - Stainless steel,"$1,979.99 "
GE, 25.8 Cu. Ft. French Door Refrigerator - Stainless steel,"$2,274.99 "
Haier, 16.4 Cu. Ft. Quad Door Counter Depth Refrigerator with Fingerprint Resistant Stainless - Stainless steel,"$1,599.99 "
Samsung, 26 cu. ft. 3-Door French Door Refrigerator with External Water & Ice Dispenser - Fingerprint Resistant Stainless Steel,"$2,429.99 "
LG, 25.1 Cu. Ft. French Door Refrigerator with Ice Maker - PrintProof Stainless Steel,"$1,799.99 "
Fisher & Paykel, ActiveSmart 16.8 Cu. Ft. French Door Built-In Refrigerator,"$6,199.00 "
Bertazzoni, Professional Series 13.9 Cu. Ft. Bottom-Freezer Built-In Refrigerator - White,"$7,299.00 "
Dacor, 17.8 Cu Ft Column Built In Panel Ready Refrigerator with SteelCool Interior - Panel Ready,"$6,999.00 "
Bosch," Benchmark 19.4 cu. ft. French Door Built-In Refrigerator in Panel Ready, Counter-Depth","$7,099.99 "
Bertazzoni, 21 cu. Ft. 2 Bottom-Freezer French Door Refrigerator with Stainless steel no-fingerprint treatment door finish. - Stainless steel,"$3,049.00 "
Fulgor Milano," Professional Series 19.9"" French Door Counter-Depth Refrigerator - Stainless steel","$3,219.00 "
Fisher & Paykel, ActiveSmart 16.8 Cu. Ft. French Door Built-In Refrigerator,"$4,599.00 "
Dacor, 21.6 Cu Ft Column Built In Panel Ready Refrigerator with SteelCool Interior - Panel Ready,"$7,499.00 "
Sub-Zero, Classic 24.2 Cu. Ft. French Door Built-In Refrigerator - Custom Panel Ready,n/a
Sub-Zero, Classic 21 Cu. Ft. French Door Built-In Refrigerator - Custom Panel Ready,n/a
Sub-Zero, PRO 30.4 Cu. Ft. Side-by-Side Built-In Refrigerator - Stainless steel,n/a
Sub-Zero, Classic 24.2 Cu. Ft. French Door Built-In Refrigerator with Internal Dispenser - Stainless steel,n/a
Sub-Zero, Classic 21 Cu. Ft. French Door Built-In Refrigerator - Stainless steel,n/a
Bertazzoni, Professional Series 13.9 Cu. Ft. Bottom-Freezer Built-In Refrigerator - Stainless steel,"$7,699.00 "
Sub-Zero, Classic 24.2 Cu. Ft. French Door Built-In Refrigerator with Internal Dispenser - Stainless steel,n/a
Dacor, 21.6 Cu Ft Column Built In Panel Ready Refrigerator with SteelCool Interior - Panel Ready,"$7,499.00 "
Sub-Zero, Classic 24.2 Cu. Ft. French Door Built-In Refrigerator with Internal Dispenser - Custom Panel Ready,n/a
Sub-Zero, Classic 24.2 Cu. Ft. French Door Built-In Refrigerator,n/a
Sub-Zero, Classic 21 Cu. Ft. French Door Built-In Refrigerator - Stainless steel,n/a
Sub-Zero, Classic 21 Cu. Ft. French Door Built-In Refrigerator with Internal Dispenser - Stainless steel,n/a
Sub-Zero, Classic 21 Cu. Ft. French Door Built-In Refrigerator with Internal Dispenser - Custom Panel Ready,n/a
Signature Kitchen Suite, 19.3 Cu. Ft. 4-Door French Door Built-In Refrigerator,"$9,799.00 "
Fisher & Paykel, ActiveSmart 16.8 Cu. Ft. French Door Built-In Refrigerator - Custom Panel Ready,"$5,999.00 "
Sub-Zero, PRO 30.4 Cu. Ft. Side-by-Side Built-In Refrigerator with Glass Door - Stainless steel,n/a
Fulgor Milano, Sofia Professional Series 18.5 Cu. Ft. Bottom-Freezer Built-In Refrigerator - Stainless steel,"$8,499.00 "
Sub-Zero, Classic 24.2 Cu. Ft. French Door Built-In Refrigerator - Stainless steel,n/a
Sub-Zero, Classic 21 Cu. Ft. French Door Built-In Refrigerator with Internal Dispenser - Stainless steel,n/a